S07_Brownie	S07_Brownie_3DMGX1/2794_01-30_16_30_49-time.txt,S07_Brownie_3DMGX1/2795_01-30_16_30_49-time.txt,S07_Brownie_3DMGX1/2796_01-30_16_30_49-time.txt,S07_Brownie_3DMGX1/3261_01-30_16_30_49-time.txt,S07_Brownie_3DMGX1/3337_01-30_16_30_49-time.txt,S07_Brownie_6DOFv4/000666015711_01-30_16_30_30-time-synch.txt,S07_Brownie_6DOFv4/0006660160E3_01-30_16_30_30-time-synch.txt
S08_Brownie	S08_Brownie_3DMGX1/2794_02-02_11_16_30-time.txt,S08_Brownie_3DMGX1/2795_02-02_11_16_30-time.txt,S08_Brownie_3DMGX1/2796_02-02_11_16_30-time.txt,S08_Brownie_3DMGX1/3261_02-02_11_16_30-time.txt,S08_Brownie_3DMGX1/3337_02-02_11_16_30-time.txt,S08_Brownie_6DOFv4/000666015711_02-02_11_16_26-time-synch.txt,S08_Brownie_6DOFv4/0006660160E3_02-02_11_16_26-time-synch.txt
S09_Brownie	S09_Brownie_3DMGX1/2794_02-02_16_48_33-time.txt,S09_Brownie_3DMGX1/2795_02-02_16_48_33-time.txt,S09_Brownie_3DMGX1/2796_02-02_16_48_33-time.txt,S09_Brownie_3DMGX1/3261_02-02_16_48_33-time.txt,S09_Brownie_3DMGX1/3337_02-02_16_48_33-time.txt,S09_Brownie_6DOFv4/000666015711_02-02_16_48_24-time-synch.txt,S09_Brownie_6DOFv4/0006660160E3_02-02_16_48_24-time-synch.txt
S12_Brownie	S12_Brownie_3DMGX1/2794_02-04_11_08_31-time-synch.txt,S12_Brownie_3DMGX1/2795_02-04_11_08_31-time-synch.txt,S12_Brownie_3DMGX1/2796_02-04_11_08_31-time-synch.txt,S12_Brownie_3DMGX1/3261_02-04_11_08_31-time-synch.txt,S12_Brownie_3DMGX1/3337_02-04_11_08_31-time-synch.txt,S12_Brownie_6DOFv4/000666015711_02-04_11_08_32-time-synch.txt,S12_Brownie_6DOFv4/0006660160E3_02-04_11_08_32-time-synch.txt
S13_Brownie	S13_Brownie_3DMGX1/2794_02-06_12_01_26-time-synch.txt,S13_Brownie_3DMGX1/2795_02-06_12_01_26-time-synch.txt,S13_Brownie_3DMGX1/2796_02-06_12_01_26-time-synch.txt,S13_Brownie_3DMGX1/3261_02-06_12_01_26-time-synch.txt,S13_Brownie_3DMGX1/3337_02-06_12_01_26-time-synch.txt,S13_Brownie_6DOFv4/000666015711_02-06_12_01_25-time.txt,S13_Brownie_6DOFv4/0006660160E3_02-06_12_01_25-time.txt
S14_Brownie	S14_Brownie_3DMGX1/2794_02-06_17_10_24-time.txt,S14_Brownie_3DMGX1/2795_02-06_17_10_24-time.txt,S14_Brownie_3DMGX1/2796_02-06_17_10_24-time.txt,S14_Brownie_3DMGX1/3261_02-06_17_10_24-time.txt,S14_Brownie_3DMGX1/3337_02-06_17_10_24-time.txt,S14_Brownie_6DOFv4/000666015711_02-06_17_10_29-time.txt,S14_Brownie_6DOFv4/0006660160E3_02-06_17_10_29-time.txt
S15_Brownie	S15_Brownie_3DMGX1/2794_02-07_11_14_12-time-synch.txt,S15_Brownie_3DMGX1/2795_02-07_11_14_12-time-synch.txt,S15_Brownie_3DMGX1/2796_02-07_11_14_12-time-synch.txt,S15_Brownie_3DMGX1/3261_02-07_11_14_12-time-synch.txt,S15_Brownie_3DMGX1/3337_02-07_11_14_12-time-synch.txt,S15_Brownie_6DOFv4/000666015711_02-07_11_14_10-time.txt,S15_Brownie_6DOFv4/0006660160E3_02-07_11_14_10-time.txt
S16_Brownie	S16_Brownie_3DMGX1/2794_02-09_10_38_07-time-synch.txt,S16_Brownie_3DMGX1/2795_02-09_10_38_07-time-synch.txt,S16_Brownie_3DMGX1/2796_02-09_10_38_07-time-synch.txt,S16_Brownie_3DMGX1/3261_02-09_10_38_07-time-synch.txt,S16_Brownie_3DMGX1/3337_02-09_10_38_07-time-synch.txt,S16_Brownie_6DOFv4/000666015711_02-09_10_38_07-time.txt,S16_Brownie_6DOFv4/0006660160E3_02-09_10_38_07-time.txt
S17_Brownie	S17_Brownie_3DMGX1/2794_02-09_16_53_14-time-synch.txt,S17_Brownie_3DMGX1/2795_02-09_16_53_14-time-synch.txt,S17_Brownie_3DMGX1/2796_02-09_16_53_14-time-synch.txt,S17_Brownie_3DMGX1/3261_02-09_16_53_14-time-synch.txt,S17_Brownie_3DMGX1/3337_02-09_16_53_14-time-synch.txt,S17_Brownie_6DOFv4/000666015711_02-09_16_53_15-time.txt,S17_Brownie_6DOFv4/0006660160E3_02-09_16_53_15-time.txt
S18_Brownie	S18_Brownie_3DMGX1/2794_02-10_12_00_58-time-synch.txt,S18_Brownie_3DMGX1/2795_02-10_12_00_58-time-synch.txt,S18_Brownie_3DMGX1/2796_02-10_12_00_58-time-synch.txt,S18_Brownie_3DMGX1/3261_02-10_12_00_58-time-synch.txt,S18_Brownie_3DMGX1/3337_02-10_12_00_58-time-synch.txt,S18_Brownie_6DOFv4/000666015711_02-10_10_47_49-time.txt,S18_Brownie_6DOFv4/0006660160E3_02-10_10_47_49-time.txt
S19_Brownie	S19_Brownie_3DMGX1/2794_02-10_16_14_38-time-synch.txt,S19_Brownie_3DMGX1/2795_02-10_16_14_38-time-synch.txt,S19_Brownie_3DMGX1/2796_02-10_16_14_38-time-synch.txt,S19_Brownie_3DMGX1/3261_02-10_16_14_38-time-synch.txt,S19_Brownie_3DMGX1/3337_02-10_16_14_38-time-synch.txt,S19_Brownie_6DOFv4/000666015711_02-10_16_14_46-time.txt,S19_Brownie_6DOFv4/0006660160E3_02-10_16_14_46-time.txt
S20_Brownie	S20_Brownie_3DMGX1/2794_02-11_12_03_08-time-synch.txt,S20_Brownie_3DMGX1/2795_02-11_12_03_08-time-synch.txt,S20_Brownie_3DMGX1/2796_02-11_12_03_08-time-synch.txt,S20_Brownie_3DMGX1/3261_02-11_12_03_08-time-synch.txt,S20_Brownie_3DMGX1/3337_02-11_12_03_08-time-synch.txt,S20_Brownie_6DOFv4/000666015711_02-11_12_03_11-time-synch.txt,S20_Brownie_6DOFv4/0006660160E3_02-11_12_03_11-time-synch.txt
S22_Brownie	S22_Brownie_3DMGX1/2794_02-12_10_43_11-time-synch.txt,S22_Brownie_3DMGX1/2795_02-12_10_43_11-time-synch.txt,S22_Brownie_3DMGX1/2796_02-12_10_43_11-time-synch.txt,S22_Brownie_3DMGX1/3261_02-12_10_43_11-time-synch.txt,S22_Brownie_3DMGX1/3337_02-12_10_43_11-time-synch.txt,S22_Brownie_6DOFv4/000666015711_02-12_10_43_15-time.txt,S22_Brownie_6DOFv4/0006660160E3_02-12_10_43_15-time.txt
S24_Brownie	S24_Brownie_3DMGX1/2794_02-13_11_34_28-time.txt,S24_Brownie_3DMGX1/2795_02-13_11_34_28-time.txt,S24_Brownie_3DMGX1/2796_02-13_11_34_28-time.txt,S24_Brownie_3DMGX1/3261_02-13_11_34_28-time.txt,S24_Brownie_3DMGX1/3337_02-13_11_34_28-time.txt,S24_Brownie_6DOFv4/000666015711_02-13_11_34_32-time.txt,S24_Brownie_6DOFv4/0006660160E3_02-13_11_34_32-time.txt
S25_Brownie	S25_Brownie_3DMGX1/2794_02-13_16_05_11-time.txt,S25_Brownie_3DMGX1/2795_02-13_16_05_11-time.txt,S25_Brownie_3DMGX1/2796_02-13_16_05_11-time.txt,S25_Brownie_3DMGX1/3261_02-13_16_05_11-time.txt,S25_Brownie_3DMGX1/3337_02-13_16_05_11-time.txt,S25_Brownie_6DOFv4/000666015711_02-13_16_05_18-time.txt,S25_Brownie_6DOFv4/0006660160E3_02-13_16_05_18-time.txt
S28_Brownie	S28_Brownie_3DMGX1/2794_11-05_12_10_39-time-synch.txt,S28_Brownie_3DMGX1/2795_11-05_12_10_39-time-synch.txt,S28_Brownie_3DMGX1/2796_11-05_12_10_39-time-synch.txt,S28_Brownie_3DMGX1/3261_11-05_12_10_39-time-synch.txt,S28_Brownie_3DMGX1/3337_11-05_12_10_39-time-synch.txt,S28_Brownie_6DOFv4/000666015711_11-05_12_10_42-time.txt,S28_Brownie_6DOFv4/0006660160E3_11-05_12_10_42-time.txt
S29_Brownie	S29_Brownie_3DMGX1/2794_10-19_11_30_01-time.txt,S29_Brownie_3DMGX1/2795_10-19_11_30_01-time.txt,S29_Brownie_3DMGX1/2796_10-19_11_30_01-time.txt,S29_Brownie_3DMGX1/3261_10-19_11_30_01-time.txt,S29_Brownie_3DMGX1/3337_10-19_11_30_01-time.txt,S29_Brownie_6DOFv4/000666015711_10-19_11_30_07-time-synch.txt,S29_Brownie_6DOFv4/0006660160E3_10-19_11_30_07-time-synch.txt
S30_Brownie	S30_Brownie_3DMGX1/2794_10-19_16_10_06-time.txt,S30_Brownie_3DMGX1/2795_10-19_16_10_06-time.txt,S30_Brownie_3DMGX1/2796_10-19_16_10_06-time.txt,S30_Brownie_3DMGX1/3261_10-19_16_10_06-time.txt,S30_Brownie_3DMGX1/3337_10-19_16_10_06-time.txt,S30_Brownie_6DOFv4/000666015711_10-19_16_10_08-time-synch.txt,S30_Brownie_6DOFv4/0006660160E3_10-19_16_10_08-time-synch.txt
S31_Brownie	S31_Brownie_3DMGX1/2794_10-20_11_03_32-time-synch.txt,S31_Brownie_3DMGX1/2795_10-20_11_03_32-time-synch.txt,S31_Brownie_3DMGX1/2796_10-20_11_03_32-time-synch.txt,S31_Brownie_3DMGX1/3261_10-20_11_03_32-time-synch.txt,S31_Brownie_3DMGX1/3337_10-20_11_03_32-time-synch.txt,S31_Brownie_6DOFv4/000666015711_10-20_11_03_48-time-synch.txt,S31_Brownie_6DOFv4/0006660160E3_10-20_11_03_48-time-synch.txt
S32_Brownie	S32_Brownie_3DMGX1/2794_10-20_17_12_34-time.txt,S32_Brownie_3DMGX1/2795_10-20_17_12_34-time.txt,S32_Brownie_3DMGX1/2796_10-20_17_12_34-time.txt,S32_Brownie_3DMGX1/3261_10-20_17_12_34-time.txt,S32_Brownie_3DMGX1/3337_10-20_17_12_34-time.txt,S32_Brownie_6DOFv4/000666015711_10-20_17_12_41-time.txt,S32_Brownie_6DOFv4/0006660160E3_10-20_17_12_41-time.txt
S33_Brownie	S33_Brownie_3DMGX1/2794_10-21_11_18_48-time-synch.txt,S33_Brownie_3DMGX1/2795_10-21_11_18_48-time-synch.txt,S33_Brownie_3DMGX1/2796_10-21_11_18_48-time-synch.txt,S33_Brownie_3DMGX1/3261_10-21_11_18_48-time-synch.txt,S33_Brownie_3DMGX1/3337_10-21_11_18_48-time-synch.txt,S33_Brownie_6DOFv4/000666015711_10-21_11_18_56-time-synch.txt,S33_Brownie_6DOFv4/0006660160E3_10-21_11_18_56-time-synch.txt
S34_Brownie	S34_Brownie_3DMGX1/2794_10-21_16_37_39-time.txt,S34_Brownie_3DMGX1/2795_10-21_16_37_39-time.txt,S34_Brownie_3DMGX1/2796_10-21_16_37_39-time.txt,S34_Brownie_3DMGX1/3261_10-21_16_37_39-time.txt,S34_Brownie_3DMGX1/3337_10-21_16_37_39-time.txt,S34_Brownie_6DOFv4/000666015711_10-21_16_37_55-time.txt,S34_Brownie_6DOFv4/0006660160E3_10-21_16_37_55-time.txt
S35_Brownie	S35_Brownie_3DMGX1/2794_10-22_11_25_26-time-synch.txt,S35_Brownie_3DMGX1/2795_10-22_11_25_26-time-synch.txt,S35_Brownie_3DMGX1/2796_10-22_11_25_26-time-synch.txt,S35_Brownie_3DMGX1/3261_10-22_11_25_26-time-synch.txt,S35_Brownie_3DMGX1/3337_10-22_11_25_26-time-synch.txt,S35_Brownie_6DOFv4/000666015711_10-22_11_25_24-time-synch.txt,S35_Brownie_6DOFv4/0006660160E3_10-22_11_25_24-time-synch.txt
S40_Brownie	S40_Brownie_3DMGX1/2794_10-28_16_29_31-time-synch.txt,S40_Brownie_3DMGX1/2795_10-28_16_29_31-time-synch.txt,S40_Brownie_3DMGX1/2796_10-28_16_29_31-time-synch.txt,S40_Brownie_3DMGX1/3261_10-28_16_29_31-time-synch.txt,S40_Brownie_3DMGX1/3337_10-28_16_29_31-time-synch.txt,S40_Brownie_6DOFv4/000666015711_10-28_16_29_36-time-synch.txt,S40_Brownie_6DOFv4/0006660160E3_10-28_16_29_36-time-synch.txt
S47_Brownie	S47_Brownie_3DMGX1/2794_11-03_10_54_58-time-synch.txt,S47_Brownie_3DMGX1/2795_11-03_10_54_58-time-synch.txt,S47_Brownie_3DMGX1/2796_11-03_10_54_58-time-synch.txt,S47_Brownie_3DMGX1/3261_11-03_10_54_58-time-synch.txt,S47_Brownie_3DMGX1/3337_11-03_10_54_58-time-synch.txt,S47_Brownie_6DOFv4/000666015711_11-03_10_54_59-time.txt,S47_Brownie_6DOFv4/0006660160E3_11-03_10_54_59-time.txt
S48_Brownie	S48_Brownie_3DMGX1/2794_11-03_16_21_30-time-synch.txt,S48_Brownie_3DMGX1/2795_11-03_16_21_30-time-synch.txt,S48_Brownie_3DMGX1/2796_11-03_16_21_30-time-synch.txt,S48_Brownie_3DMGX1/3261_11-03_16_21_30-time-synch.txt,S48_Brownie_3DMGX1/3337_11-03_16_21_30-time-synch.txt,S48_Brownie_6DOFv4/000666015711_11-03_16_21_25-time-synch.txt,S48_Brownie_6DOFv4/0006660160E3_11-03_16_21_25-time-synch.txt
S49_Brownie	S49_Brownie_3DMGX1/2794_11-04_11_20_44-time-synch.txt,S49_Brownie_3DMGX1/2795_11-04_11_20_44-time-synch.txt,S49_Brownie_3DMGX1/2796_11-04_11_20_44-time-synch.txt,S49_Brownie_3DMGX1/3261_11-04_11_20_44-time-synch.txt,S49_Brownie_3DMGX1/3337_11-04_11_20_44-time-synch.txt,S49_Brownie_6DOFv4/000666015711_11-04_11_20_44-time-synch.txt,S49_Brownie_6DOFv4/0006660160E3_11-04_11_20_44-time-synch.txt
S50_Brownie	S50_Brownie_3DMGX1/2794_11-04_16_39_33-time-synch.txt,S50_Brownie_3DMGX1/2795_11-04_16_39_33-time-synch.txt,S50_Brownie_3DMGX1/2796_11-04_16_39_33-time-synch.txt,S50_Brownie_3DMGX1/3261_11-04_16_39_33-time-synch.txt,S50_Brownie_3DMGX1/3337_11-04_16_39_33-time-synch.txt,S50_Brownie_6DOFv4/000666015711_11-04_16_39_33-time.txt,S50_Brownie_6DOFv4/0006660160E3_11-04_16_39_33-time.txt
S51_Brownie	S51_Brownie_3DMGX1/2794_11-05_10_39_22-time-synch.txt,S51_Brownie_3DMGX1/2795_11-05_10_39_22-time-synch.txt,S51_Brownie_3DMGX1/2796_11-05_10_39_22-time-synch.txt,S51_Brownie_3DMGX1/3261_11-05_10_39_22-time-synch.txt,S51_Brownie_3DMGX1/3337_11-05_10_39_22-time-synch.txt,S51_Brownie_6DOFv4/000666015711_11-05_10_39_25-time-synch.txt,S51_Brownie_6DOFv4/0006660160E3_11-05_10_39_25-time-synch.txt
S53_Brownie	S53_Brownie_3DMGX1/2794_11-06_10_30_46-time-synch.txt,S53_Brownie_3DMGX1/2795_11-06_10_30_46-time-synch.txt,S53_Brownie_3DMGX1/2796_11-06_10_30_46-time-synch.txt,S53_Brownie_3DMGX1/3261_11-06_10_30_46-time-synch.txt,S53_Brownie_3DMGX1/3337_11-06_10_30_46-time-synch.txt,S53_Brownie_6DOFv4/000666015711_11-06_10_30_42-time.txt,S53_Brownie_6DOFv4/0006660160E3_11-06_10_30_42-time.txt
S54_Brownie	S54_Brownie_3DMGX1/2794_11-06_11_55_37-time-synch.txt,S54_Brownie_3DMGX1/2795_11-06_11_55_37-time-synch.txt,S54_Brownie_3DMGX1/2796_11-06_11_55_37-time-synch.txt,S54_Brownie_3DMGX1/3261_11-06_11_55_37-time-synch.txt,S54_Brownie_3DMGX1/3337_11-06_11_55_37-time-synch.txt,S54_Brownie_6DOFv4/000666015711_11-06_11_55_44-time.txt,S54_Brownie_6DOFv4/0006660160E3_11-06_11_55_44-time.txt
S55_Brownie	S55_Brownie_3DMGX1/2794_11-06_13_20_13-time-synch.txt,S55_Brownie_3DMGX1/2795_11-06_13_20_13-time-synch.txt,S55_Brownie_3DMGX1/2796_11-06_13_20_13-time-synch.txt,S55_Brownie_3DMGX1/3261_11-06_13_20_13-time-synch.txt,S55_Brownie_3DMGX1/3337_11-06_13_20_13-time-synch.txt,S55_Brownie_6DOFv4/000666015711_11-06_13_20_32-time.txt,S55_Brownie_6DOFv4/0006660160E3_11-06_13_20_32-time.txt
S07_Eggs	S07_Eggs_3DMGX1/2794_01-30_17_11_20-time.txt,S07_Eggs_3DMGX1/2795_01-30_17_11_20-time.txt,S07_Eggs_3DMGX1/2796_01-30_17_11_20-time.txt,S07_Eggs_3DMGX1/3261_01-30_17_11_20-time.txt,S07_Eggs_3DMGX1/3337_01-30_17_11_20-time.txt,S07_Eggs_6DOFv4/000666015711_01-30_17_11_18-time-synch.txt,S07_Eggs_6DOFv4/0006660160E3_01-30_17_11_18-time-synch.txt
S09_Eggs	S09_Eggs_3DMGX1/2794_02-02_17_09_38-time-synch.txt,S09_Eggs_3DMGX1/2795_02-02_17_09_38-time-synch.txt,S09_Eggs_3DMGX1/2796_02-02_17_09_38-time-synch.txt,S09_Eggs_3DMGX1/3261_02-02_17_09_38-time-synch.txt,S09_Eggs_3DMGX1/3337_02-02_17_09_38-time-synch.txt,S09_Eggs_6DOFv4/000666015711_02-02_17_09_29-time.txt,S09_Eggs_6DOFv4/0006660160E3_02-02_17_09_29-time.txt
S11_Eggs	S11_Eggs_3DMGX1/2794_02-03_18_22_50-time-synch.txt,S11_Eggs_3DMGX1/2795_02-03_18_22_50-time-synch.txt,S11_Eggs_3DMGX1/2796_02-03_18_22_50-time-synch.txt,S11_Eggs_3DMGX1/3261_02-03_18_22_50-time-synch.txt,S11_Eggs_3DMGX1/3337_02-03_18_22_50-time-synch.txt,S11_Eggs_6DOFv4/000666015711_02-03_18_22_45-time-synch.txt,S11_Eggs_6DOFv4/0006660160E3_02-03_18_22_45-time-synch.txt
S12_Eggs	S12_Eggs_3DMGX1/2794_02-04_11_49_32-time.txt,S12_Eggs_3DMGX1/2795_02-04_11_49_32-time.txt,S12_Eggs_3DMGX1/2796_02-04_11_49_32-time.txt,S12_Eggs_3DMGX1/3261_02-04_11_49_32-time.txt,S12_Eggs_3DMGX1/3337_02-04_11_49_32-time.txt,S12_Eggs_6DOFv4/000666015711_02-04_11_49_21-time-synch.txt,S12_Eggs_6DOFv4/0006660160E3_02-04_11_49_21-time-synch.txt
S13_Eggs	S13_Eggs_3DMGX1/2794_02-06_12_42_13-time-synch.txt,S13_Eggs_3DMGX1/2795_02-06_12_42_13-time-synch.txt,S13_Eggs_3DMGX1/2796_02-06_12_42_13-time-synch.txt,S13_Eggs_3DMGX1/3261_02-06_12_42_13-time-synch.txt,S13_Eggs_3DMGX1/3337_02-06_12_42_13-time-synch.txt,S13_Eggs_6DOFv4/000666015711_02-06_12_42_06-time-synch.txt,S13_Eggs_6DOFv4/0006660160E3_02-06_12_42_06-time-synch.txt
S14_Eggs	S14_Eggs_3DMGX1/2794_02-06_17_57_45-time-synch.txt,S14_Eggs_3DMGX1/2795_02-06_17_57_45-time-synch.txt,S14_Eggs_3DMGX1/2796_02-06_17_57_45-time-synch.txt,S14_Eggs_3DMGX1/3261_02-06_17_57_45-time-synch.txt,S14_Eggs_3DMGX1/3337_02-06_17_57_45-time-synch.txt,S14_Eggs_6DOFv4/000666015711_02-06_18_18_36-time.txt,S14_Eggs_6DOFv4/0006660160E3_02-06_18_18_36-time.txt
S15_Eggs	S15_Eggs_3DMGX1/2794_02-07_11_38_14-time.txt,S15_Eggs_3DMGX1/2795_02-07_11_38_14-time.txt,S15_Eggs_3DMGX1/2796_02-07_11_38_14-time.txt,S15_Eggs_3DMGX1/3261_02-07_11_38_14-time.txt,S15_Eggs_3DMGX1/3337_02-07_11_38_14-time.txt,S15_Eggs_6DOFv4/000666015711_02-07_11_38_21-time.txt,S15_Eggs_6DOFv4/0006660160E3_02-07_11_38_21-time.txt
S16_Eggs	S16_Eggs_3DMGX1/2794_02-09_10_56_59-time.txt,S16_Eggs_3DMGX1/2795_02-09_10_56_59-time.txt,S16_Eggs_3DMGX1/2796_02-09_10_56_59-time.txt,S16_Eggs_3DMGX1/3261_02-09_10_56_59-time.txt,S16_Eggs_3DMGX1/3337_02-09_10_56_59-time.txt,S16_Eggs_6DOFv4/000666015711_02-09_10_59_33-time.txt,S16_Eggs_6DOFv4/0006660160E3_02-09_10_59_33-time.txt
S17_Eggs	S17_Eggs_3DMGX1/2794_02-09_17_11_09-time-synch.txt,S17_Eggs_3DMGX1/2795_02-09_17_11_09-time-synch.txt,S17_Eggs_3DMGX1/2796_02-09_17_11_09-time-synch.txt,S17_Eggs_3DMGX1/3261_02-09_17_11_09-time-synch.txt,S17_Eggs_3DMGX1/3337_02-09_17_11_09-time-synch.txt,S17_Eggs_6DOFv4/000666015711_02-09_17_11_07-time.txt,S17_Eggs_6DOFv4/0006660160E3_02-09_17_11_07-time.txt
S18_Eggs	S18_Eggs_3DMGX1/2794_02-10_11_10_31-time.txt,S18_Eggs_3DMGX1/2795_02-10_11_10_31-time.txt,S18_Eggs_3DMGX1/2796_02-10_11_10_31-time.txt,S18_Eggs_3DMGX1/3261_02-10_11_10_31-time.txt,S18_Eggs_3DMGX1/3337_02-10_11_10_31-time.txt,S18_Eggs_6DOFv4/000666015711_02-10_11_08_45-time.txt,S18_Eggs_6DOFv4/0006660160E3_02-10_11_08_45-time.txt
S20_Eggs	S20_Eggs_3DMGX1/2794_02-11_11_13_20-time-synch.txt,S20_Eggs_3DMGX1/2795_02-11_11_13_20-time-synch.txt,S20_Eggs_3DMGX1/2796_02-11_11_13_20-time-synch.txt,S20_Eggs_3DMGX1/3261_02-11_11_13_20-time-synch.txt,S20_Eggs_3DMGX1/3337_02-11_11_13_20-time-synch.txt,S20_Eggs_6DOFv4/000666015711_02-11_11_13_26-time.txt,S20_Eggs_6DOFv4/0006660160E3_02-11_11_13_26-time.txt
S25_Eggs	S25_Eggs_3DMGX1/2794_02-13_16_20_00-time.txt,S25_Eggs_3DMGX1/2795_02-13_16_20_00-time.txt,S25_Eggs_3DMGX1/2796_02-13_16_20_00-time.txt,S25_Eggs_3DMGX1/3261_02-13_16_20_00-time.txt,S25_Eggs_3DMGX1/3337_02-13_16_20_00-time.txt,S25_Eggs_6DOFv4/000666015711_02-13_16_19_40-time.txt,S25_Eggs_6DOFv4/0006660160E3_02-13_16_19_40-time.txt
S28_Eggs	S28_Eggs_3DMGX1/2794_11-05_11_39_26-time.txt,S28_Eggs_3DMGX1/2795_11-05_11_39_26-time.txt,S28_Eggs_3DMGX1/2796_11-05_11_39_26-time.txt,S28_Eggs_3DMGX1/3261_11-05_11_39_26-time.txt,S28_Eggs_3DMGX1/3337_11-05_11_39_26-time.txt,S28_Eggs_6DOFv4/000666015711_11-05_11_39_32-time.txt,S28_Eggs_6DOFv4/0006660160E3_11-05_11_39_32-time.txt
S29_Eggs	S29_Eggs_3DMGX1/2794_10-19_10_55_29-time.txt,S29_Eggs_3DMGX1/2795_10-19_10_55_29-time.txt,S29_Eggs_3DMGX1/2796_10-19_10_55_29-time.txt,S29_Eggs_3DMGX1/3261_10-19_10_55_29-time.txt,S29_Eggs_3DMGX1/3337_10-19_10_55_29-time.txt,S29_Eggs_6DOFv4/000666015711_10-19_10_55_16-time.txt,S29_Eggs_6DOFv4/0006660160E3_10-19_10_55_16-time.txt
S30_Eggs	S30_Eggs_3DMGX1/2794_10-19_15_34_05-time.txt,S30_Eggs_3DMGX1/2795_10-19_15_34_05-time.txt,S30_Eggs_3DMGX1/2796_10-19_15_34_05-time.txt,S30_Eggs_3DMGX1/3261_10-19_15_34_05-time.txt,S30_Eggs_3DMGX1/3337_10-19_15_34_05-time.txt,S30_Eggs_6DOFv4/000666015711_10-19_15_34_49-time-synch.txt,S30_Eggs_6DOFv4/0006660160E3_10-19_15_34_49-time-synch.txt
S31_Eggs	S31_Eggs_3DMGX1/2794_10-20_10_17_15-time.txt,S31_Eggs_3DMGX1/2795_10-20_10_17_15-time.txt,S31_Eggs_3DMGX1/2796_10-20_10_17_15-time.txt,S31_Eggs_3DMGX1/3261_10-20_10_17_15-time.txt,S31_Eggs_3DMGX1/3337_10-20_10_17_15-time.txt,S31_Eggs_6DOFv4/000666015711_10-20_10_17_36-time.txt,S31_Eggs_6DOFv4/0006660160E3_10-20_10_17_36-time.txt
S32_Eggs	S32_Eggs_3DMGX1/2794_10-20_16_08_06-time.txt,S32_Eggs_3DMGX1/2795_10-20_16_08_06-time.txt,S32_Eggs_3DMGX1/2796_10-20_16_08_06-time.txt,S32_Eggs_3DMGX1/3261_10-20_16_08_06-time.txt,S32_Eggs_3DMGX1/3337_10-20_16_08_06-time.txt,S32_Eggs_6DOFv4/000666015711_10-20_16_08_17-time-synch.txt,S32_Eggs_6DOFv4/0006660160E3_10-20_16_08_17-time-synch.txt
S34_Eggs	S34_Eggs_3DMGX1/2794_10-21_15_22_10-time-synch.txt,S34_Eggs_3DMGX1/2795_10-21_15_22_10-time-synch.txt,S34_Eggs_3DMGX1/2796_10-21_15_22_10-time-synch.txt,S34_Eggs_3DMGX1/3261_10-21_15_22_10-time-synch.txt,S34_Eggs_3DMGX1/3337_10-21_15_22_10-time-synch.txt,S34_Eggs_6DOFv4/000666015711_10-21_15_22_22-time.txt,S34_Eggs_6DOFv4/0006660160E3_10-21_15_22_22-time.txt
S35_Eggs	S35_Eggs_3DMGX1/2794_10-22_10_36_41-time-synch.txt,S35_Eggs_3DMGX1/2795_10-22_10_36_41-time-synch.txt,S35_Eggs_3DMGX1/2796_10-22_10_36_41-time-synch.txt,S35_Eggs_3DMGX1/3261_10-22_10_36_41-time-synch.txt,S35_Eggs_3DMGX1/3337_10-22_10_36_41-time-synch.txt,S35_Eggs_6DOFv4/000666015711_10-22_10_36_41-time-synch.txt,S35_Eggs_6DOFv4/0006660160E3_10-22_10_36_41-time-synch.txt
S36_Eggs	S36_Eggs_3DMGX1/2794_10-22_15_41_51-time-synch.txt,S36_Eggs_3DMGX1/2795_10-22_15_41_51-time-synch.txt,S36_Eggs_3DMGX1/2796_10-22_15_41_51-time-synch.txt,S36_Eggs_3DMGX1/3261_10-22_15_41_51-time-synch.txt,S36_Eggs_3DMGX1/3337_10-22_15_41_51-time-synch.txt,S36_Eggs_6DOFv4/000666015711_10-22_15_41_23-time-synch.txt,S36_Eggs_6DOFv4/0006660160E3_10-22_15_41_23-time-synch.txt
S40_Eggs	S40_Eggs_3DMGX1/2794_10-28_15_53_05-time-synch.txt,S40_Eggs_3DMGX1/2795_10-28_15_53_05-time-synch.txt,S40_Eggs_3DMGX1/2796_10-28_15_53_05-time-synch.txt,S40_Eggs_3DMGX1/3261_10-28_15_53_05-time-synch.txt,S40_Eggs_3DMGX1/3337_10-28_15_53_05-time-synch.txt,S40_Eggs_6DOFv4/000666015711_10-28_15_53_02-time-synch.txt,S40_Eggs_6DOFv4/0006660160E3_10-28_15_53_02-time-synch.txt
S47_Eggs	S47_Eggs_3DMGX1/2794_11-03_10_09_24-time-synch.txt,S47_Eggs_3DMGX1/2795_11-03_10_09_24-time-synch.txt,S47_Eggs_3DMGX1/2796_11-03_10_09_24-time-synch.txt,S47_Eggs_3DMGX1/3261_11-03_10_09_24-time-synch.txt,S47_Eggs_3DMGX1/3337_11-03_10_09_24-time-synch.txt,S47_Eggs_6DOFv4/000666015711_11-03_10_09_23-time-synch.txt,S47_Eggs_6DOFv4/0006660160E3_11-03_10_09_23-time-synch.txt
S48_Eggs	S48_Eggs_3DMGX1/2794_11-03_15_41_24-time-synch.txt,S48_Eggs_3DMGX1/2795_11-03_15_41_24-time-synch.txt,S48_Eggs_3DMGX1/2796_11-03_15_41_24-time-synch.txt,S48_Eggs_3DMGX1/3261_11-03_15_41_24-time-synch.txt,S48_Eggs_3DMGX1/3337_11-03_15_41_24-time-synch.txt,S48_Eggs_6DOFv4/000666015711_11-03_15_41_40-time-synch.txt,S48_Eggs_6DOFv4/0006660160E3_11-03_15_41_40-time-synch.txt
S49_Eggs	S49_Eggs_3DMGX1/2794_11-04_10_35_47-time-synch.txt,S49_Eggs_3DMGX1/2795_11-04_10_35_47-time-synch.txt,S49_Eggs_3DMGX1/2796_11-04_10_35_47-time-synch.txt,S49_Eggs_3DMGX1/3261_11-04_10_35_47-time-synch.txt,S49_Eggs_3DMGX1/3337_11-04_10_35_47-time-synch.txt,S49_Eggs_6DOFv4/000666015711_11-04_10_35_48-time-synch.txt,S49_Eggs_6DOFv4/0006660160E3_11-04_10_35_48-time-synch.txt
S50_Eggs	S50_Eggs_3DMGX1/2794_11-04_15_42_16-time-synch.txt,S50_Eggs_3DMGX1/2795_11-04_15_42_16-time-synch.txt,S50_Eggs_3DMGX1/2796_11-04_15_42_16-time-synch.txt,S50_Eggs_3DMGX1/3261_11-04_15_42_16-time-synch.txt,S50_Eggs_3DMGX1/3337_11-04_15_42_16-time-synch.txt,S50_Eggs_6DOFv4/000666015711_11-04_15_42_14-time.txt,S50_Eggs_6DOFv4/0006660160E3_11-04_15_42_14-time.txt
S51_Eggs	S51_Eggs_3DMGX1/2794_11-05_10_00_22-time-synch.txt,S51_Eggs_3DMGX1/2795_11-05_10_00_22-time-synch.txt,S51_Eggs_3DMGX1/2796_11-05_10_00_22-time-synch.txt,S51_Eggs_3DMGX1/3261_11-05_10_00_22-time-synch.txt,S51_Eggs_3DMGX1/3337_11-05_10_00_22-time-synch.txt,S51_Eggs_6DOFv4/000666015711_11-05_10_00_28-time-synch.txt,S51_Eggs_6DOFv4/0006660160E3_11-05_10_00_28-time-synch.txt
S53_Eggs	S53_Eggs_3DMGX1/2794_11-06_10_04_48-time-synch.txt,S53_Eggs_3DMGX1/2795_11-06_10_04_48-time-synch.txt,S53_Eggs_3DMGX1/2796_11-06_10_04_48-time-synch.txt,S53_Eggs_3DMGX1/3261_11-06_10_04_48-time-synch.txt,S53_Eggs_3DMGX1/3337_11-06_10_04_48-time-synch.txt,S53_Eggs_6DOFv4/000666015711_11-06_10_04_48-time.txt,S53_Eggs_6DOFv4/0006660160E3_11-06_10_04_48-time.txt
S54_Eggs	S54_Eggs_3DMGX1/2794_11-06_11_28_49-time-synch.txt,S54_Eggs_3DMGX1/2795_11-06_11_28_49-time-synch.txt,S54_Eggs_3DMGX1/2796_11-06_11_28_49-time-synch.txt,S54_Eggs_3DMGX1/3261_11-06_11_28_49-time-synch.txt,S54_Eggs_3DMGX1/3337_11-06_11_28_49-time-synch.txt,S54_Eggs_6DOFv4/000666015711_11-06_11_28_42-time.txt,S54_Eggs_6DOFv4/0006660160E3_11-06_11_28_42-time.txt
S55_Eggs	S55_Eggs_3DMGX1/2794_11-06_12_47_25-time-synch.txt,S55_Eggs_3DMGX1/2795_11-06_12_47_25-time-synch.txt,S55_Eggs_3DMGX1/2796_11-06_12_47_25-time-synch.txt,S55_Eggs_3DMGX1/3261_11-06_12_47_25-time-synch.txt,S55_Eggs_3DMGX1/3337_11-06_12_47_25-time-synch.txt,S55_Eggs_6DOFv4/000666015711_11-06_12_47_27-time.txt,S55_Eggs_6DOFv4/0006660160E3_11-06_12_47_27-time.txt
S07_Pizza	S07_Pizza_3DMGX1/2794_01-30_17_29_10-time.txt,S07_Pizza_3DMGX1/2795_01-30_17_29_10-time.txt,S07_Pizza_3DMGX1/2796_01-30_17_29_10-time.txt,S07_Pizza_3DMGX1/3261_01-30_17_29_10-time.txt,S07_Pizza_3DMGX1/3337_01-30_17_29_10-time.txt,S07_Pizza_6DOFv4/000666015711_01-30_17_29_11-time-synch.txt,S07_Pizza_6DOFv4/0006660160E3_01-30_17_29_11-time-synch.txt
S08_Pizza	S08_Pizza_3DMGX1/2794_02-02_12_06_05-time.txt,S08_Pizza_3DMGX1/2795_02-02_12_06_05-time.txt,S08_Pizza_3DMGX1/2796_02-02_12_06_05-time.txt,S08_Pizza_3DMGX1/3261_02-02_12_06_05-time.txt,S08_Pizza_3DMGX1/3337_02-02_12_06_05-time.txt,S08_Pizza_6DOFv4/000666015711_02-02_12_06_06-time-synch.txt,S08_Pizza_6DOFv4/0006660160E3_02-02_12_06_06-time-synch.txt
S09_Pizza	S09_Pizza_3DMGX1/2794_02-02_17_49_23-time-synch.txt,S09_Pizza_3DMGX1/2795_02-02_17_49_23-time-synch.txt,S09_Pizza_3DMGX1/2796_02-02_17_49_23-time-synch.txt,S09_Pizza_3DMGX1/3261_02-02_17_49_23-time-synch.txt,S09_Pizza_3DMGX1/3337_02-02_17_49_23-time-synch.txt,S09_Pizza_6DOFv4/000666015711_02-02_17_49_12-time.txt,S09_Pizza_6DOFv4/0006660160E3_02-02_17_49_12-time.txt
S11_Pizza	S11_Pizza_3DMGX1/2794_02-03_18_36_37-time.txt,S11_Pizza_3DMGX1/2795_02-03_18_36_37-time.txt,S11_Pizza_3DMGX1/2796_02-03_18_36_37-time.txt,S11_Pizza_3DMGX1/3261_02-03_18_36_37-time.txt,S11_Pizza_3DMGX1/3337_02-03_18_36_37-time.txt,S11_Pizza_6DOFv4/000666015711_02-03_18_36_54-time-synch.txt,S11_Pizza_6DOFv4/0006660160E3_02-03_18_36_54-time-synch.txt
S12_Pizza	S12_Pizza_3DMGX1/2794_02-04_12_37_19-time.txt,S12_Pizza_3DMGX1/2795_02-04_12_37_19-time.txt,S12_Pizza_3DMGX1/2796_02-04_12_37_19-time.txt,S12_Pizza_3DMGX1/3261_02-04_12_37_19-time.txt,S12_Pizza_3DMGX1/3337_02-04_12_37_19-time.txt,S12_Pizza_6DOFv4/000666015711_02-04_12_37_18-time-synch.txt,S12_Pizza_6DOFv4/0006660160E3_02-04_12_37_18-time-synch.txt
S14_Pizza	S14_Pizza_3DMGX1/2794_02-06_18_18_40-time-synch.txt,S14_Pizza_3DMGX1/2795_02-06_18_18_40-time-synch.txt,S14_Pizza_3DMGX1/2796_02-06_18_18_40-time-synch.txt,S14_Pizza_3DMGX1/3261_02-06_18_18_40-time-synch.txt,S14_Pizza_3DMGX1/3337_02-06_18_18_40-time-synch.txt,S14_Pizza_6DOFv4/000666015711_02-06_17_57_44-time.txt,S14_Pizza_6DOFv4/0006660160E3_02-06_17_57_44-time.txt
S15_Pizza	S15_Pizza_3DMGX1/2794_02-07_11_49_53-time-synch.txt,S15_Pizza_3DMGX1/2795_02-07_11_49_53-time-synch.txt,S15_Pizza_3DMGX1/2796_02-07_11_49_53-time-synch.txt,S15_Pizza_3DMGX1/3261_02-07_11_49_53-time-synch.txt,S15_Pizza_3DMGX1/3337_02-07_11_49_53-time-synch.txt,S15_Pizza_6DOFv4/000666015711_02-07_11_53_08-time.txt,S15_Pizza_6DOFv4/0006660160E3_02-07_11_53_08-time.txt
S16_Pizza	S16_Pizza_3DMGX1/2794_02-09_11_34_45-time.txt,S16_Pizza_3DMGX1/2795_02-09_11_34_45-time.txt,S16_Pizza_3DMGX1/2796_02-09_11_34_45-time.txt,S16_Pizza_3DMGX1/3261_02-09_11_34_45-time.txt,S16_Pizza_3DMGX1/3337_02-09_11_34_45-time.txt,S16_Pizza_6DOFv4/000666015711_02-09_11_32_48-time.txt,S16_Pizza_6DOFv4/0006660160E3_02-09_11_32_48-time.txt
S17_Pizza	S17_Pizza_3DMGX1/2794_02-09_18_01_16-time.txt,S17_Pizza_3DMGX1/2795_02-09_18_01_16-time.txt,S17_Pizza_3DMGX1/2796_02-09_18_01_16-time.txt,S17_Pizza_3DMGX1/3261_02-09_18_01_16-time.txt,S17_Pizza_3DMGX1/3337_02-09_18_01_16-time.txt,S17_Pizza_6DOFv4/000666015711_02-09_18_01_03-time.txt,S17_Pizza_6DOFv4/0006660160E3_02-09_18_01_03-time.txt
S19_Pizza	S19_Pizza_3DMGX1/2794_02-10_17_13_17-time-synch.txt,S19_Pizza_3DMGX1/2795_02-10_17_13_17-time-synch.txt,S19_Pizza_3DMGX1/2796_02-10_17_13_17-time-synch.txt,S19_Pizza_3DMGX1/3261_02-10_17_13_17-time-synch.txt,S19_Pizza_3DMGX1/3337_02-10_17_13_17-time-synch.txt,S19_Pizza_6DOFv4/000666015711_02-10_17_13_25-time.txt,S19_Pizza_6DOFv4/0006660160E3_02-10_17_13_25-time.txt
S20_Pizza	S20_Pizza_3DMGX1/2794_02-11_11_36_24-time.txt,S20_Pizza_3DMGX1/2795_02-11_11_36_24-time.txt,S20_Pizza_3DMGX1/2796_02-11_11_36_24-time.txt,S20_Pizza_3DMGX1/3261_02-11_11_36_24-time.txt,S20_Pizza_3DMGX1/3337_02-11_11_36_24-time.txt,S20_Pizza_6DOFv4/000666015711_02-11_11_36_41-time.txt,S20_Pizza_6DOFv4/0006660160E3_02-11_11_36_41-time.txt
S22_Pizza	S22_Pizza_3DMGX1/2794_02-12_11_40_56-time-synch.txt,S22_Pizza_3DMGX1/2795_02-12_11_40_56-time-synch.txt,S22_Pizza_3DMGX1/2796_02-12_11_40_56-time-synch.txt,S22_Pizza_3DMGX1/3261_02-12_11_40_56-time-synch.txt,S22_Pizza_3DMGX1/3337_02-12_11_40_56-time-synch.txt,S22_Pizza_6DOFv4/000666015711_02-12_11_40_59-time.txt,S22_Pizza_6DOFv4/0006660160E3_02-12_11_40_59-time.txt
S25_Pizza	S25_Pizza_3DMGX1/2794_02-13_16_47_33-time.txt,S25_Pizza_3DMGX1/2795_02-13_16_47_33-time.txt,S25_Pizza_3DMGX1/2796_02-13_16_47_33-time.txt,S25_Pizza_3DMGX1/3261_02-13_16_47_33-time.txt,S25_Pizza_3DMGX1/3337_02-13_16_47_33-time.txt,S25_Pizza_6DOFv4/000666015711_02-13_16_47_39-time.txt,S25_Pizza_6DOFv4/0006660160E3_02-13_16_47_39-time.txt
S28_Pizza	S28_Pizza_3DMGX1/2794_11-05_11_24_22-time.txt,S28_Pizza_3DMGX1/2795_11-05_11_24_22-time.txt,S28_Pizza_3DMGX1/2796_11-05_11_24_22-time.txt,S28_Pizza_3DMGX1/3261_11-05_11_24_22-time.txt,S28_Pizza_3DMGX1/3337_11-05_11_24_22-time.txt,S28_Pizza_6DOFv4/000666015711_11-05_11_24_33-time.txt,S28_Pizza_6DOFv4/0006660160E3_11-05_11_24_33-time.txt
S29_Pizza	S29_Pizza_3DMGX1/2794_10-19_10_43_07-time.txt,S29_Pizza_3DMGX1/2795_10-19_10_43_07-time.txt,S29_Pizza_3DMGX1/2796_10-19_10_43_07-time.txt,S29_Pizza_3DMGX1/3261_10-19_10_43_07-time.txt,S29_Pizza_3DMGX1/3337_10-19_10_43_07-time.txt,S29_Pizza_6DOFv4/000666015711_10-19_10_44_28-time-synch.txt,S29_Pizza_6DOFv4/0006660160E3_10-19_10_44_28-time-synch.txt
S30_Pizza	S30_Pizza_3DMGX1/2794_10-19_15_20_07-time-synch.txt,S30_Pizza_3DMGX1/2795_10-19_15_20_07-time-synch.txt,S30_Pizza_3DMGX1/2796_10-19_15_20_07-time-synch.txt,S30_Pizza_3DMGX1/3261_10-19_15_20_07-time-synch.txt,S30_Pizza_3DMGX1/3337_10-19_15_20_07-time-synch.txt,S30_Pizza_6DOFv4/000666015711_10-19_15_20_30-time-synch.txt,S30_Pizza_6DOFv4/0006660160E3_10-19_15_20_30-time-synch.txt
S31_Pizza	S31_Pizza_3DMGX1/2794_10-20_09_59_14-time.txt,S31_Pizza_3DMGX1/2795_10-20_09_59_14-time.txt,S31_Pizza_3DMGX1/2796_10-20_09_59_14-time.txt,S31_Pizza_3DMGX1/3261_10-20_09_59_14-time.txt,S31_Pizza_3DMGX1/3337_10-20_09_59_14-time.txt,S31_Pizza_6DOFv4/000666015711_10-20_09_58_52-time-synch.txt,S31_Pizza_6DOFv4/0006660160E3_10-20_09_58_52-time-synch.txt
S32_Pizza	S32_Pizza_3DMGX1/2794_10-20_15_51_44-time.txt,S32_Pizza_3DMGX1/2795_10-20_15_51_44-time.txt,S32_Pizza_3DMGX1/2796_10-20_15_51_44-time.txt,S32_Pizza_3DMGX1/3261_10-20_15_51_44-time.txt,S32_Pizza_3DMGX1/3337_10-20_15_51_44-time.txt,S32_Pizza_6DOFv4/000666015711_10-20_15_51_49-time.txt,S32_Pizza_6DOFv4/0006660160E3_10-20_15_51_49-time.txt
S34_Pizza	S34_Pizza_3DMGX1/2794_10-21_15_04_09-time-synch.txt,S34_Pizza_3DMGX1/2795_10-21_15_04_09-time-synch.txt,S34_Pizza_3DMGX1/2796_10-21_15_04_09-time-synch.txt,S34_Pizza_3DMGX1/3261_10-21_15_04_09-time-synch.txt,S34_Pizza_3DMGX1/3337_10-21_15_04_09-time-synch.txt,S34_Pizza_6DOFv4/000666015711_10-21_15_04_26-time-synch.txt,S34_Pizza_6DOFv4/0006660160E3_10-21_15_04_26-time-synch.txt
S35_Pizza	S35_Pizza_3DMGX1/2794_10-22_10_11_49-time-synch.txt,S35_Pizza_3DMGX1/2795_10-22_10_11_49-time-synch.txt,S35_Pizza_3DMGX1/2796_10-22_10_11_49-time-synch.txt,S35_Pizza_3DMGX1/3261_10-22_10_11_49-time-synch.txt,S35_Pizza_3DMGX1/3337_10-22_10_11_49-time-synch.txt,S35_Pizza_6DOFv4/000666015711_10-22_10_11_42-time-synch.txt,S35_Pizza_6DOFv4/0006660160E3_10-22_10_11_42-time-synch.txt
S36_Pizza	S36_Pizza_3DMGX1/2794_10-22_15_19_43-time-synch.txt,S36_Pizza_3DMGX1/2795_10-22_15_19_43-time-synch.txt,S36_Pizza_3DMGX1/2796_10-22_15_19_43-time-synch.txt,S36_Pizza_3DMGX1/3261_10-22_15_19_43-time-synch.txt,S36_Pizza_3DMGX1/3337_10-22_15_19_43-time-synch.txt,S36_Pizza_6DOFv4/000666015711_10-22_15_19_55-time-synch.txt,S36_Pizza_6DOFv4/0006660160E3_10-22_15_19_55-time-synch.txt
S40_Pizza	S40_Pizza_3DMGX1/2794_10-28_15_37_00-time-synch.txt,S40_Pizza_3DMGX1/2795_10-28_15_37_00-time-synch.txt,S40_Pizza_3DMGX1/2796_10-28_15_37_00-time-synch.txt,S40_Pizza_3DMGX1/3261_10-28_15_37_00-time-synch.txt,S40_Pizza_3DMGX1/3337_10-28_15_37_00-time-synch.txt,S40_Pizza_6DOFv4/000666015711_10-28_15_36_57-time-synch.txt,S40_Pizza_6DOFv4/0006660160E3_10-28_15_36_57-time-synch.txt
S41_Pizza	S41_Pizza_3DMGX1/2794_10-29_10_13_31-time-synch.txt,S41_Pizza_3DMGX1/2795_10-29_10_13_31-time-synch.txt,S41_Pizza_3DMGX1/2796_10-29_10_13_31-time-synch.txt,S41_Pizza_3DMGX1/3261_10-29_10_13_31-time-synch.txt,S41_Pizza_3DMGX1/3337_10-29_10_13_31-time-synch.txt,S41_Pizza_6DOFv4/000666015711_10-29_10_13_44-time-synch.txt,S41_Pizza_6DOFv4/0006660160E3_10-29_10_13_44-time-synch.txt
S47_Pizza	S47_Pizza_3DMGX1/2794_11-03_09_55_15-time-synch.txt,S47_Pizza_3DMGX1/2795_11-03_09_55_15-time-synch.txt,S47_Pizza_3DMGX1/2796_11-03_09_55_15-time-synch.txt,S47_Pizza_3DMGX1/3261_11-03_09_55_15-time-synch.txt,S47_Pizza_3DMGX1/3337_11-03_09_55_15-time-synch.txt,S47_Pizza_6DOFv4/000666015711_11-03_09_55_10-time-synch.txt,S47_Pizza_6DOFv4/0006660160E3_11-03_09_55_10-time-synch.txt
S48_Pizza	S48_Pizza_3DMGX1/2794_11-03_15_26_19-time-synch.txt,S48_Pizza_3DMGX1/2795_11-03_15_26_19-time-synch.txt,S48_Pizza_3DMGX1/2796_11-03_15_26_19-time-synch.txt,S48_Pizza_3DMGX1/3261_11-03_15_26_19-time-synch.txt,S48_Pizza_3DMGX1/3337_11-03_15_26_19-time-synch.txt,S48_Pizza_6DOFv4/000666015711_11-03_15_26_14-time-synch.txt,S48_Pizza_6DOFv4/0006660160E3_11-03_15_26_14-time-synch.txt
S49_Pizza	S49_Pizza_3DMGX1/2794_11-04_10_23_19-time-synch.txt,S49_Pizza_3DMGX1/2795_11-04_10_23_19-time-synch.txt,S49_Pizza_3DMGX1/2796_11-04_10_23_19-time-synch.txt,S49_Pizza_3DMGX1/3261_11-04_10_23_19-time-synch.txt,S49_Pizza_3DMGX1/3337_11-04_10_23_19-time-synch.txt,S49_Pizza_6DOFv4/000666015711_11-04_10_23_19-time-synch.txt,S49_Pizza_6DOFv4/0006660160E3_11-04_10_23_19-time-synch.txt
S50_Pizza	S50_Pizza_3DMGX1/2794_11-04_15_23_56-time-synch.txt,S50_Pizza_3DMGX1/2795_11-04_15_23_56-time-synch.txt,S50_Pizza_3DMGX1/2796_11-04_15_23_56-time-synch.txt,S50_Pizza_3DMGX1/3261_11-04_15_23_56-time-synch.txt,S50_Pizza_3DMGX1/3337_11-04_15_23_56-time-synch.txt,S50_Pizza_6DOFv4/000666015711_11-04_15_24_02-time-synch.txt,S50_Pizza_6DOFv4/0006660160E3_11-04_15_24_02-time-synch.txt
S51_Pizza	S51_Pizza_3DMGX1/2794_11-05_09_31_55-time-synch.txt,S51_Pizza_3DMGX1/2795_11-05_09_31_55-time-synch.txt,S51_Pizza_3DMGX1/2796_11-05_09_31_55-time-synch.txt,S51_Pizza_3DMGX1/3261_11-05_09_31_55-time-synch.txt,S51_Pizza_3DMGX1/3337_11-05_09_31_55-time-synch.txt,S51_Pizza_6DOFv4/000666015711_11-05_09_32_01-time-synch.txt,S51_Pizza_6DOFv4/0006660160E3_11-05_09_32_01-time-synch.txt
S53_Pizza	S53_Pizza_3DMGX1/2794_11-06_09_41_59-time-synch.txt,S53_Pizza_3DMGX1/2795_11-06_09_41_59-time-synch.txt,S53_Pizza_3DMGX1/2796_11-06_09_41_59-time-synch.txt,S53_Pizza_3DMGX1/3261_11-06_09_41_59-time-synch.txt,S53_Pizza_3DMGX1/3337_11-06_09_41_59-time-synch.txt,S53_Pizza_6DOFv4/000666015711_11-06_09_41_55-time.txt,S53_Pizza_6DOFv4/0006660160E3_11-06_09_41_55-time.txt
S54_Pizza	S54_Pizza_3DMGX1/2794_11-06_11_15_02-time.txt,S54_Pizza_3DMGX1/2795_11-06_11_15_02-time.txt,S54_Pizza_3DMGX1/2796_11-06_11_15_02-time.txt,S54_Pizza_3DMGX1/3261_11-06_11_15_02-time.txt,S54_Pizza_3DMGX1/3337_11-06_11_15_02-time.txt,S54_Pizza_6DOFv4/000666015711_11-06_11_15_02-time.txt,S54_Pizza_6DOFv4/0006660160E3_11-06_11_15_02-time.txt
S55_Pizza	S55_Pizza_3DMGX1/2794_11-06_12_32_35-time-synch.txt,S55_Pizza_3DMGX1/2795_11-06_12_32_35-time-synch.txt,S55_Pizza_3DMGX1/2796_11-06_12_32_35-time-synch.txt,S55_Pizza_3DMGX1/3261_11-06_12_32_35-time-synch.txt,S55_Pizza_3DMGX1/3337_11-06_12_32_35-time-synch.txt,S55_Pizza_6DOFv4/000666015711_11-06_12_32_43-time-synch.txt,S55_Pizza_6DOFv4/0006660160E3_11-06_12_32_43-time-synch.txt
S07_Salad	S07_Salad_3DMGX1/2794_01-30_16_53_58-time.txt,S07_Salad_3DMGX1/2795_01-30_16_53_58-time.txt,S07_Salad_3DMGX1/2796_01-30_16_53_58-time.txt,S07_Salad_3DMGX1/3261_01-30_16_53_58-time.txt,S07_Salad_3DMGX1/3337_01-30_16_53_58-time.txt,S07_Salad_6DOFv4/000666015711_01-30_16_54_04-time.txt,S07_Salad_6DOFv4/0006660160E3_01-30_16_54_04-time.txt
S08_Salad	S08_Salad_3DMGX1/2794_02-02_11_50_33-time.txt,S08_Salad_3DMGX1/2795_02-02_11_50_33-time.txt,S08_Salad_3DMGX1/2796_02-02_11_50_33-time.txt,S08_Salad_3DMGX1/3261_02-02_11_50_33-time.txt,S08_Salad_3DMGX1/3337_02-02_11_50_33-time.txt,S08_Salad_6DOFv4/000666015711_02-02_11_50_38-time-synch.txt,S08_Salad_6DOFv4/0006660160E3_02-02_11_50_38-time-synch.txt
S09_Salad	S09_Salad_3DMGX1/2794_02-02_17_30_36-time-synch.txt,S09_Salad_3DMGX1/2795_02-02_17_30_36-time-synch.txt,S09_Salad_3DMGX1/2796_02-02_17_30_36-time-synch.txt,S09_Salad_3DMGX1/3261_02-02_17_30_36-time-synch.txt,S09_Salad_3DMGX1/3337_02-02_17_30_36-time-synch.txt,S09_Salad_6DOFv4/000666015711_02-02_17_30_37-time-synch.txt,S09_Salad_6DOFv4/0006660160E3_02-02_17_30_37-time-synch.txt
S11_Salad	S11_Salad_3DMGX1/2794_02-03_18_08_37-time.txt,S11_Salad_3DMGX1/2795_02-03_18_08_37-time.txt,S11_Salad_3DMGX1/2796_02-03_18_08_37-time.txt,S11_Salad_3DMGX1/3261_02-03_18_08_37-time.txt,S11_Salad_3DMGX1/3337_02-03_18_08_37-time.txt,S11_Salad_6DOFv4/000666015711_02-03_18_08_37-time-synch.txt,S11_Salad_6DOFv4/0006660160E3_02-03_18_08_37-time-synch.txt
S12_Salad	S12_Salad_3DMGX1/2794_02-04_11_29_51-time-synch.txt,S12_Salad_3DMGX1/2795_02-04_11_29_51-time-synch.txt,S12_Salad_3DMGX1/2796_02-04_11_29_51-time-synch.txt,S12_Salad_3DMGX1/3261_02-04_11_29_51-time-synch.txt,S12_Salad_3DMGX1/3337_02-04_11_29_51-time-synch.txt,S12_Salad_6DOFv4/000666015711_02-04_11_30_32-time-synch.txt,S12_Salad_6DOFv4/0006660160E3_02-04_11_30_32-time-synch.txt
S13_Salad	S13_Salad_3DMGX1/2794_02-06_12_26_01-time-synch.txt,S13_Salad_3DMGX1/2795_02-06_12_26_01-time-synch.txt,S13_Salad_3DMGX1/2796_02-06_12_26_01-time-synch.txt,S13_Salad_3DMGX1/3261_02-06_12_26_01-time-synch.txt,S13_Salad_3DMGX1/3337_02-06_12_26_01-time-synch.txt,S13_Salad_6DOFv4/000666015711_02-06_12_23_21-time.txt,S13_Salad_6DOFv4/0006660160E3_02-06_12_23_21-time.txt
S14_Salad	S14_Salad_3DMGX1/2794_02-06_17_42_46-time.txt,S14_Salad_3DMGX1/2795_02-06_17_42_46-time.txt,S14_Salad_3DMGX1/2796_02-06_17_42_46-time.txt,S14_Salad_3DMGX1/3261_02-06_17_42_46-time.txt,S14_Salad_3DMGX1/3337_02-06_17_42_46-time.txt,S14_Salad_6DOFv4/000666015711_02-06_17_42_52-time.txt,S14_Salad_6DOFv4/0006660160E3_02-06_17_42_52-time.txt
S15_Salad	S15_Salad_3DMGX1/2794_02-07_11_32_43-time-synch.txt,S15_Salad_3DMGX1/2795_02-07_11_32_43-time-synch.txt,S15_Salad_3DMGX1/2796_02-07_11_32_43-time-synch.txt,S15_Salad_3DMGX1/3261_02-07_11_32_43-time-synch.txt,S15_Salad_3DMGX1/3337_02-07_11_32_43-time-synch.txt,S15_Salad_6DOFv4/000666015711_02-07_11_31_09-time.txt,S15_Salad_6DOFv4/0006660160E3_02-07_11_31_09-time.txt
S16_Salad	S16_Salad_3DMGX1/2794_02-09_11_17_49-time.txt,S16_Salad_3DMGX1/2795_02-09_11_17_49-time.txt,S16_Salad_3DMGX1/2796_02-09_11_17_49-time.txt,S16_Salad_3DMGX1/3261_02-09_11_17_49-time.txt,S16_Salad_3DMGX1/3337_02-09_11_17_49-time.txt,S16_Salad_6DOFv4/000666015711_02-09_11_17_52-time.txt,S16_Salad_6DOFv4/0006660160E3_02-09_11_17_52-time.txt
S17_Salad	S17_Salad_3DMGX1/2794_02-09_17_44_17-time.txt,S17_Salad_3DMGX1/2795_02-09_17_44_17-time.txt,S17_Salad_3DMGX1/2796_02-09_17_44_17-time.txt,S17_Salad_3DMGX1/3261_02-09_17_44_17-time.txt,S17_Salad_3DMGX1/3337_02-09_17_44_17-time.txt,S17_Salad_6DOFv4/000666015711_02-09_17_44_30-time.txt,S17_Salad_6DOFv4/0006660160E3_02-09_17_44_30-time.txt
S18_Salad	S18_Salad_3DMGX1/2794_02-10_11_27_59-time-synch.txt,S18_Salad_3DMGX1/2795_02-10_11_27_59-time-synch.txt,S18_Salad_3DMGX1/2796_02-10_11_27_59-time-synch.txt,S18_Salad_3DMGX1/3261_02-10_11_27_59-time-synch.txt,S18_Salad_3DMGX1/3337_02-10_11_27_59-time-synch.txt,S18_Salad_6DOFv4/000666015711_02-10_11_27_57-time.txt,S18_Salad_6DOFv4/0006660160E3_02-10_11_27_57-time.txt
S19_Salad	S19_Salad_3DMGX1/2794_02-10_16_55_27-time-synch.txt,S19_Salad_3DMGX1/2795_02-10_16_55_27-time-synch.txt,S19_Salad_3DMGX1/2796_02-10_16_55_27-time-synch.txt,S19_Salad_3DMGX1/3261_02-10_16_55_27-time-synch.txt,S19_Salad_3DMGX1/3337_02-10_16_55_27-time-synch.txt,S19_Salad_6DOFv4/000666015711_02-10_16_54_55-time.txt,S19_Salad_6DOFv4/0006660160E3_02-10_16_54_55-time.txt
S20_Salad	S20_Salad_3DMGX1/2794_02-11_11_26_41-time.txt,S20_Salad_3DMGX1/2795_02-11_11_26_41-time.txt,S20_Salad_3DMGX1/2796_02-11_11_26_41-time.txt,S20_Salad_3DMGX1/3261_02-11_11_26_41-time.txt,S20_Salad_3DMGX1/3337_02-11_11_26_41-time.txt,S20_Salad_6DOFv4/000666015711_02-11_11_26_41-time.txt,S20_Salad_6DOFv4/0006660160E3_02-11_11_26_41-time.txt
S22_Salad	S22_Salad_3DMGX1/2794_02-12_11_22_43-time-synch.txt,S22_Salad_3DMGX1/2795_02-12_11_22_43-time-synch.txt,S22_Salad_3DMGX1/2796_02-12_11_22_43-time-synch.txt,S22_Salad_3DMGX1/3261_02-12_11_22_43-time-synch.txt,S22_Salad_3DMGX1/3337_02-12_11_22_43-time-synch.txt,S22_Salad_6DOFv4/000666015711_02-12_11_22_57-time.txt,S22_Salad_6DOFv4/0006660160E3_02-12_11_22_57-time.txt
S25_Salad	S25_Salad_3DMGX1/2794_02-13_16_37_19-time.txt,S25_Salad_3DMGX1/2795_02-13_16_37_19-time.txt,S25_Salad_3DMGX1/2796_02-13_16_37_19-time.txt,S25_Salad_3DMGX1/3261_02-13_16_37_19-time.txt,S25_Salad_3DMGX1/3337_02-13_16_37_19-time.txt,S25_Salad_6DOFv4/000666015711_02-13_16_37_18-time.txt,S25_Salad_6DOFv4/0006660160E3_02-13_16_37_18-time.txt
S28_Salad	S28_Salad_3DMGX1/2794_11-05_11_50_53-time-synch.txt,S28_Salad_3DMGX1/2795_11-05_11_50_53-time-synch.txt,S28_Salad_3DMGX1/2796_11-05_11_50_53-time-synch.txt,S28_Salad_3DMGX1/3261_11-05_11_50_53-time-synch.txt,S28_Salad_3DMGX1/3337_11-05_11_50_53-time-synch.txt,S28_Salad_6DOFv4/000666015711_11-05_11_50_51-time.txt,S28_Salad_6DOFv4/0006660160E3_11-05_11_50_51-time.txt
S29_Salad	S29_Salad_3DMGX1/2794_10-19_11_04_50-time.txt,S29_Salad_3DMGX1/2795_10-19_11_04_50-time.txt,S29_Salad_3DMGX1/2796_10-19_11_04_50-time.txt,S29_Salad_3DMGX1/3261_10-19_11_04_50-time.txt,S29_Salad_3DMGX1/3337_10-19_11_04_50-time.txt,S29_Salad_6DOFv4/000666015711_10-19_11_06_04-time-synch.txt,S29_Salad_6DOFv4/0006660160E3_10-19_11_06_04-time-synch.txt
S31_Salad	S31_Salad_3DMGX1/2794_10-20_10_36_44-time.txt,S31_Salad_3DMGX1/2795_10-20_10_36_44-time.txt,S31_Salad_3DMGX1/2796_10-20_10_36_44-time.txt,S31_Salad_3DMGX1/3261_10-20_10_36_44-time.txt,S31_Salad_3DMGX1/3337_10-20_10_36_44-time.txt,S31_Salad_6DOFv4/000666015711_10-20_10_36_48-time.txt,S31_Salad_6DOFv4/0006660160E3_10-20_10_36_48-time.txt
S32_Salad	S32_Salad_3DMGX1/2794_10-20_16_51_04-time.txt,S32_Salad_3DMGX1/2795_10-20_16_51_04-time.txt,S32_Salad_3DMGX1/2796_10-20_16_51_04-time.txt,S32_Salad_3DMGX1/3261_10-20_16_51_04-time.txt,S32_Salad_3DMGX1/3337_10-20_16_51_04-time.txt,S32_Salad_6DOFv4/000666015711_10-20_16_50_56-time-synch.txt,S32_Salad_6DOFv4/0006660160E3_10-20_16_50_56-time-synch.txt
S34_Salad	S34_Salad_3DMGX1/2794_10-21_15_41_18-time-synch.txt,S34_Salad_3DMGX1/2795_10-21_15_41_18-time-synch.txt,S34_Salad_3DMGX1/2796_10-21_15_41_18-time-synch.txt,S34_Salad_3DMGX1/3261_10-21_15_41_18-time-synch.txt,S34_Salad_3DMGX1/3337_10-21_15_41_18-time-synch.txt,S34_Salad_6DOFv4/000666015711_10-21_15_42_47-time.txt,S34_Salad_6DOFv4/0006660160E3_10-21_15_42_47-time.txt
S35_Salad	S35_Salad_3DMGX1/2794_10-22_10_59_50-time-synch.txt,S35_Salad_3DMGX1/2795_10-22_10_59_50-time-synch.txt,S35_Salad_3DMGX1/2796_10-22_10_59_50-time-synch.txt,S35_Salad_3DMGX1/3261_10-22_10_59_50-time-synch.txt,S35_Salad_3DMGX1/3337_10-22_10_59_50-time-synch.txt,S35_Salad_6DOFv4/000666015711_10-22_10_59_48-time-synch.txt,S35_Salad_6DOFv4/0006660160E3_10-22_10_59_48-time-synch.txt
S36_Salad	S36_Salad_3DMGX1/2794_10-22_16_02_30-time-synch.txt,S36_Salad_3DMGX1/2795_10-22_16_02_30-time-synch.txt,S36_Salad_3DMGX1/2796_10-22_16_02_30-time-synch.txt,S36_Salad_3DMGX1/3261_10-22_16_02_30-time-synch.txt,S36_Salad_3DMGX1/3337_10-22_16_02_30-time-synch.txt,S36_Salad_6DOFv4/000666015711_10-22_16_02_19-time-synch.txt,S36_Salad_6DOFv4/0006660160E3_10-22_16_02_19-time-synch.txt
S40_Salad	S40_Salad_3DMGX1/2794_10-28_16_07_41-time-synch.txt,S40_Salad_3DMGX1/2795_10-28_16_07_41-time-synch.txt,S40_Salad_3DMGX1/2796_10-28_16_07_41-time-synch.txt,S40_Salad_3DMGX1/3261_10-28_16_07_41-time-synch.txt,S40_Salad_3DMGX1/3337_10-28_16_07_41-time-synch.txt,S40_Salad_6DOFv4/000666015711_10-28_16_07_40-time-synch.txt,S40_Salad_6DOFv4/0006660160E3_10-28_16_07_40-time-synch.txt
S41_Salad	S41_Salad_3DMGX1/2794_10-29_10_47_33-time-synch.txt,S41_Salad_3DMGX1/2795_10-29_10_47_33-time-synch.txt,S41_Salad_3DMGX1/2796_10-29_10_47_33-time-synch.txt,S41_Salad_3DMGX1/3261_10-29_10_47_33-time-synch.txt,S41_Salad_3DMGX1/3337_10-29_10_47_33-time-synch.txt,S41_Salad_6DOFv4/000666015711_10-29_10_47_35-time-synch.txt,S41_Salad_6DOFv4/0006660160E3_10-29_10_47_35-time-synch.txt
S47_Salad	S47_Salad_3DMGX1/2794_11-03_10_22_43-time-synch.txt,S47_Salad_3DMGX1/2795_11-03_10_22_43-time-synch.txt,S47_Salad_3DMGX1/2796_11-03_10_22_43-time-synch.txt,S47_Salad_3DMGX1/3261_11-03_10_22_43-time-synch.txt,S47_Salad_3DMGX1/3337_11-03_10_22_43-time-synch.txt,S47_Salad_6DOFv4/000666015711_11-03_10_22_45-time-synch.txt,S47_Salad_6DOFv4/0006660160E3_11-03_10_22_45-time-synch.txt
S48_Salad	S48_Salad_3DMGX1/2794_11-03_15_54_35-time-synch.txt,S48_Salad_3DMGX1/2795_11-03_15_54_35-time-synch.txt,S48_Salad_3DMGX1/2796_11-03_15_54_35-time-synch.txt,S48_Salad_3DMGX1/3261_11-03_15_54_35-time-synch.txt,S48_Salad_3DMGX1/3337_11-03_15_54_35-time-synch.txt,S48_Salad_6DOFv4/000666015711_11-03_15_54_32-time-synch.txt,S48_Salad_6DOFv4/0006660160E3_11-03_15_54_32-time-synch.txt
S49_Salad	S49_Salad_3DMGX1/2794_11-04_10_51_49-time-synch.txt,S49_Salad_3DMGX1/2795_11-04_10_51_49-time-synch.txt,S49_Salad_3DMGX1/2796_11-04_10_51_49-time-synch.txt,S49_Salad_3DMGX1/3261_11-04_10_51_49-time-synch.txt,S49_Salad_3DMGX1/3337_11-04_10_51_49-time-synch.txt,S49_Salad_6DOFv4/000666015711_11-04_10_51_49-time-synch.txt,S49_Salad_6DOFv4/0006660160E3_11-04_10_51_49-time-synch.txt
S50_Salad	S50_Salad_3DMGX1/2794_11-04_15_54_37-time-synch.txt,S50_Salad_3DMGX1/2795_11-04_15_54_37-time-synch.txt,S50_Salad_3DMGX1/2796_11-04_15_54_37-time-synch.txt,S50_Salad_3DMGX1/3261_11-04_15_54_37-time-synch.txt,S50_Salad_3DMGX1/3337_11-04_15_54_37-time-synch.txt,S50_Salad_6DOFv4/000666015711_11-04_15_54_43-time-synch.txt,S50_Salad_6DOFv4/0006660160E3_11-04_15_54_43-time-synch.txt
S51_Salad	S51_Salad_3DMGX1/2794_11-05_10_11_00-time-synch.txt,S51_Salad_3DMGX1/2795_11-05_10_11_00-time-synch.txt,S51_Salad_3DMGX1/2796_11-05_10_11_00-time-synch.txt,S51_Salad_3DMGX1/3261_11-05_10_11_00-time-synch.txt,S51_Salad_3DMGX1/3337_11-05_10_11_00-time-synch.txt,S51_Salad_6DOFv4/000666015711_11-05_10_10_45-time-synch.txt,S51_Salad_6DOFv4/0006660160E3_11-05_10_10_45-time-synch.txt
S53_Salad	S53_Salad_3DMGX1/2794_11-06_10_15_20-time-synch.txt,S53_Salad_3DMGX1/2795_11-06_10_15_20-time-synch.txt,S53_Salad_3DMGX1/2796_11-06_10_15_20-time-synch.txt,S53_Salad_3DMGX1/3261_11-06_10_15_20-time-synch.txt,S53_Salad_3DMGX1/3337_11-06_10_15_20-time-synch.txt,S53_Salad_6DOFv4/000666015711_11-06_10_15_20-time.txt,S53_Salad_6DOFv4/0006660160E3_11-06_10_15_20-time.txt
S54_Salad	S54_Salad_3DMGX1/2794_11-06_11_38_04-time-synch.txt,S54_Salad_3DMGX1/2795_11-06_11_38_04-time-synch.txt,S54_Salad_3DMGX1/2796_11-06_11_38_04-time-synch.txt,S54_Salad_3DMGX1/3261_11-06_11_38_04-time-synch.txt,S54_Salad_3DMGX1/3337_11-06_11_38_04-time-synch.txt,S54_Salad_6DOFv4/000666015711_11-06_11_38_02-time.txt,S54_Salad_6DOFv4/0006660160E3_11-06_11_38_02-time.txt
S55_Salad	S55_Salad_3DMGX1/2794_11-06_12_55_24-time-synch.txt,S55_Salad_3DMGX1/2795_11-06_12_55_24-time-synch.txt,S55_Salad_3DMGX1/2796_11-06_12_55_24-time-synch.txt,S55_Salad_3DMGX1/3261_11-06_12_55_24-time-synch.txt,S55_Salad_3DMGX1/3337_11-06_12_55_24-time-synch.txt,S55_Salad_6DOFv4/000666015711_11-06_12_55_54-time-synch.txt,S55_Salad_6DOFv4/0006660160E3_11-06_12_55_54-time-synch.txt
S07_Sandwich	S07_Sandwich_3DMGX1/2794_01-30_16_15_03-time.txt,S07_Sandwich_3DMGX1/2795_01-30_16_15_03-time.txt,S07_Sandwich_3DMGX1/2796_01-30_16_15_03-time.txt,S07_Sandwich_3DMGX1/3261_01-30_16_15_03-time.txt,S07_Sandwich_3DMGX1/3337_01-30_16_15_03-time.txt,S07_Sandwich_6DOFv4/000666015711_01-30_16_14_46-time.txt,S07_Sandwich_6DOFv4/0006660160E3_01-30_16_14_46-time.txt
S08_Sandwich	S08_Sandwich_3DMGX1/2794_02-02_11_05_30-time.txt,S08_Sandwich_3DMGX1/2795_02-02_11_05_30-time.txt,S08_Sandwich_3DMGX1/2796_02-02_11_05_30-time.txt,S08_Sandwich_3DMGX1/3261_02-02_11_05_30-time.txt,S08_Sandwich_3DMGX1/3337_02-02_11_05_30-time.txt,S08_Sandwich_6DOFv4/000666015711_02-02_11_05_30-time.txt,S08_Sandwich_6DOFv4/0006660160E3_02-02_11_05_30-time.txt
S12_Sandwich	S12_Sandwich_3DMGX1/2794_02-04_10_50_20-time.txt,S12_Sandwich_3DMGX1/2795_02-04_10_50_20-time.txt,S12_Sandwich_3DMGX1/2796_02-04_10_50_20-time.txt,S12_Sandwich_3DMGX1/3261_02-04_10_50_20-time.txt,S12_Sandwich_3DMGX1/3337_02-04_10_50_20-time.txt,S12_Sandwich_6DOFv4/000666015711_02-04_10_50_17-time-synch.txt,S12_Sandwich_6DOFv4/0006660160E3_02-04_10_50_17-time-synch.txt
S13_Sandwich	S13_Sandwich_3DMGX1/2794_02-06_11_45_57-time.txt,S13_Sandwich_3DMGX1/2795_02-06_11_45_57-time.txt,S13_Sandwich_3DMGX1/2796_02-06_11_45_57-time.txt,S13_Sandwich_3DMGX1/3261_02-06_11_45_57-time.txt,S13_Sandwich_3DMGX1/3337_02-06_11_45_57-time.txt,S13_Sandwich_6DOFv4/000666015711_02-06_11_45_50-time-synch.txt,S13_Sandwich_6DOFv4/0006660160E3_02-06_11_45_50-time-synch.txt
S15_Sandwich	S15_Sandwich_3DMGX1/2794_02-07_11_23_30-time-synch.txt,S15_Sandwich_3DMGX1/2795_02-07_11_23_30-time-synch.txt,S15_Sandwich_3DMGX1/2796_02-07_11_23_30-time-synch.txt,S15_Sandwich_3DMGX1/3261_02-07_11_23_30-time-synch.txt,S15_Sandwich_3DMGX1/3337_02-07_11_23_30-time-synch.txt,S15_Sandwich_6DOFv4/000666015711_02-07_11_23_18-time.txt,S15_Sandwich_6DOFv4/0006660160E3_02-07_11_23_18-time.txt
S16_Sandwich	S16_Sandwich_3DMGX1/2794_02-09_10_24_44-time.txt,S16_Sandwich_3DMGX1/2795_02-09_10_24_44-time.txt,S16_Sandwich_3DMGX1/2796_02-09_10_24_44-time.txt,S16_Sandwich_3DMGX1/3261_02-09_10_24_44-time.txt,S16_Sandwich_3DMGX1/3337_02-09_10_24_44-time.txt,S16_Sandwich_6DOFv4/000666015711_02-09_10_24_39-time.txt,S16_Sandwich_6DOFv4/0006660160E3_02-09_10_24_39-time.txt
S17_Sandwich	S17_Sandwich_3DMGX1/2794_02-09_16_37_30-time.txt,S17_Sandwich_3DMGX1/2795_02-09_16_37_30-time.txt,S17_Sandwich_3DMGX1/2796_02-09_16_37_30-time.txt,S17_Sandwich_3DMGX1/3261_02-09_16_37_30-time.txt,S17_Sandwich_3DMGX1/3337_02-09_16_37_30-time.txt,S17_Sandwich_6DOFv4/000666015711_02-09_16_34_48-time.txt,S17_Sandwich_6DOFv4/0006660160E3_02-09_16_34_48-time.txt
S18_Sandwich	S18_Sandwich_3DMGX1/2794_02-10_10_34_45-time.txt,S18_Sandwich_3DMGX1/2795_02-10_10_34_45-time.txt,S18_Sandwich_3DMGX1/2796_02-10_10_34_45-time.txt,S18_Sandwich_3DMGX1/3261_02-10_10_34_45-time.txt,S18_Sandwich_3DMGX1/3337_02-10_10_34_45-time.txt,S18_Sandwich_6DOFv4/000666015711_02-10_10_34_46-time.txt,S18_Sandwich_6DOFv4/0006660160E3_02-10_10_34_46-time.txt
S19_Sandwich	S19_Sandwich_3DMGX1/2794_02-10_16_00_22-time.txt,S19_Sandwich_3DMGX1/2795_02-10_16_00_22-time.txt,S19_Sandwich_3DMGX1/2796_02-10_16_00_22-time.txt,S19_Sandwich_3DMGX1/3261_02-10_16_00_22-time.txt,S19_Sandwich_3DMGX1/3337_02-10_16_00_22-time.txt,S19_Sandwich_6DOFv4/000666015711_02-10_16_00_29-time.txt,S19_Sandwich_6DOFv4/0006660160E3_02-10_16_00_29-time.txt
S20_Sandwich	S20_Sandwich_3DMGX1/2794_02-11_10_41_46-time.txt,S20_Sandwich_3DMGX1/2795_02-11_10_41_46-time.txt,S20_Sandwich_3DMGX1/2796_02-11_10_41_46-time.txt,S20_Sandwich_3DMGX1/3261_02-11_10_41_46-time.txt,S20_Sandwich_3DMGX1/3337_02-11_10_41_46-time.txt,S20_Sandwich_6DOFv4/000666015711_02-11_10_41_41-time-synch.txt,S20_Sandwich_6DOFv4/0006660160E3_02-11_10_41_41-time-synch.txt
S22_Sandwich	S22_Sandwich_3DMGX1/2794_02-12_12_01_47-time-synch.txt,S22_Sandwich_3DMGX1/2795_02-12_12_01_47-time-synch.txt,S22_Sandwich_3DMGX1/2796_02-12_12_01_47-time-synch.txt,S22_Sandwich_3DMGX1/3261_02-12_12_01_47-time-synch.txt,S22_Sandwich_3DMGX1/3337_02-12_12_01_47-time-synch.txt,S22_Sandwich_6DOFv4/000666015711_02-12_12_01_23-time-synch.txt,S22_Sandwich_6DOFv4/0006660160E3_02-12_12_01_23-time-synch.txt
S25_Sandwich	S25_Sandwich_3DMGX1/2794_02-13_15_52_12-time.txt,S25_Sandwich_3DMGX1/2795_02-13_15_52_12-time.txt,S25_Sandwich_3DMGX1/2796_02-13_15_52_12-time.txt,S25_Sandwich_3DMGX1/3261_02-13_15_52_12-time.txt,S25_Sandwich_3DMGX1/3337_02-13_15_52_12-time.txt,S25_Sandwich_6DOFv4/000666015711_02-13_15_52_13-time.txt,S25_Sandwich_6DOFv4/0006660160E3_02-13_15_52_13-time.txt
S28_Sandwich	S28_Sandwich_3DMGX1/2794_11-05_12_01_18-time.txt,S28_Sandwich_3DMGX1/2795_11-05_12_01_18-time.txt,S28_Sandwich_3DMGX1/2796_11-05_12_01_18-time.txt,S28_Sandwich_3DMGX1/3261_11-05_12_01_18-time.txt,S28_Sandwich_3DMGX1/3337_11-05_12_01_18-time.txt,S28_Sandwich_6DOFv4/000666015711_11-05_12_01_22-time-synch.txt,S28_Sandwich_6DOFv4/0006660160E3_11-05_12_01_22-time-synch.txt
S29_Sandwich	S29_Sandwich_3DMGX1/2794_10-19_11_22_54-time.txt,S29_Sandwich_3DMGX1/2795_10-19_11_22_54-time.txt,S29_Sandwich_3DMGX1/2796_10-19_11_22_54-time.txt,S29_Sandwich_3DMGX1/3261_10-19_11_22_54-time.txt,S29_Sandwich_3DMGX1/3337_10-19_11_22_54-time.txt,S29_Sandwich_6DOFv4/000666015711_10-19_11_22_55-time-synch.txt,S29_Sandwich_6DOFv4/0006660160E3_10-19_11_22_55-time-synch.txt
S30_Sandwich	S30_Sandwich_3DMGX1/2794_10-19_16_00_09-time-synch.txt,S30_Sandwich_3DMGX1/2795_10-19_16_00_09-time-synch.txt,S30_Sandwich_3DMGX1/2796_10-19_16_00_09-time-synch.txt,S30_Sandwich_3DMGX1/3261_10-19_16_00_09-time-synch.txt,S30_Sandwich_3DMGX1/3337_10-19_16_00_09-time-synch.txt,S30_Sandwich_6DOFv4/000666015711_10-19_16_00_06-time-synch.txt,S30_Sandwich_6DOFv4/0006660160E3_10-19_16_00_06-time-synch.txt
S31_Sandwich	S31_Sandwich_3DMGX1/2794_10-20_10_52_00-time.txt,S31_Sandwich_3DMGX1/2795_10-20_10_52_00-time.txt,S31_Sandwich_3DMGX1/2796_10-20_10_52_00-time.txt,S31_Sandwich_3DMGX1/3261_10-20_10_52_00-time.txt,S31_Sandwich_3DMGX1/3337_10-20_10_52_00-time.txt,S31_Sandwich_6DOFv4/000666015711_10-20_11_03_48-time-synch.txt,S31_Sandwich_6DOFv4/0006660160E3_10-20_11_03_48-time-synch.txt
S32_Sandwich	S32_Sandwich_3DMGX1/2794_10-20_17_05_28-time.txt,S32_Sandwich_3DMGX1/2795_10-20_17_05_28-time.txt,S32_Sandwich_3DMGX1/2796_10-20_17_05_28-time.txt,S32_Sandwich_3DMGX1/3261_10-20_17_05_28-time.txt,S32_Sandwich_3DMGX1/3337_10-20_17_05_28-time.txt,S32_Sandwich_6DOFv4/000666015711_10-20_17_05_25-time.txt,S32_Sandwich_6DOFv4/0006660160E3_10-20_17_05_25-time.txt
S34_Sandwich	S34_Sandwich_3DMGX1/2794_10-21_16_03_59-time-synch.txt,S34_Sandwich_3DMGX1/2795_10-21_16_03_59-time-synch.txt,S34_Sandwich_3DMGX1/2796_10-21_16_03_59-time-synch.txt,S34_Sandwich_3DMGX1/3261_10-21_16_03_59-time-synch.txt,S34_Sandwich_3DMGX1/3337_10-21_16_03_59-time-synch.txt,S34_Sandwich_6DOFv4/000666015711_10-21_16_04_06-time-synch.txt,S34_Sandwich_6DOFv4/0006660160E3_10-21_16_04_06-time-synch.txt
S35_Sandwich	S35_Sandwich_3DMGX1/2794_10-22_11_17_28-time-synch.txt,S35_Sandwich_3DMGX1/2795_10-22_11_17_28-time-synch.txt,S35_Sandwich_3DMGX1/2796_10-22_11_17_28-time-synch.txt,S35_Sandwich_3DMGX1/3261_10-22_11_17_28-time-synch.txt,S35_Sandwich_3DMGX1/3337_10-22_11_17_28-time-synch.txt,S35_Sandwich_6DOFv4/000666015711_10-22_11_17_26-time-synch.txt,S35_Sandwich_6DOFv4/0006660160E3_10-22_11_17_26-time-synch.txt
S36_Sandwich	S36_Sandwich_3DMGX1/2794_10-22_16_26_29-time-synch.txt,S36_Sandwich_3DMGX1/2795_10-22_16_26_29-time-synch.txt,S36_Sandwich_3DMGX1/2796_10-22_16_26_29-time-synch.txt,S36_Sandwich_3DMGX1/3261_10-22_16_26_29-time-synch.txt,S36_Sandwich_3DMGX1/3337_10-22_16_26_29-time-synch.txt,S36_Sandwich_6DOFv4/000666015711_10-22_16_26_28-time-synch.txt,S36_Sandwich_6DOFv4/0006660160E3_10-22_16_26_28-time-synch.txt
S41_Sandwich	S41_Sandwich_3DMGX1/2794_10-29_10_56_14-time-synch.txt,S41_Sandwich_3DMGX1/2795_10-29_10_56_14-time-synch.txt,S41_Sandwich_3DMGX1/2796_10-29_10_56_14-time-synch.txt,S41_Sandwich_3DMGX1/3261_10-29_10_56_14-time-synch.txt,S41_Sandwich_3DMGX1/3337_10-29_10_56_14-time-synch.txt,S41_Sandwich_6DOFv4/000666015711_10-29_10_56_27-time-synch.txt,S41_Sandwich_6DOFv4/0006660160E3_10-29_10_56_27-time-synch.txt
S47_Sandwich	S47_Sandwich_3DMGX1/2794_11-03_10_44_42-time-synch.txt,S47_Sandwich_3DMGX1/2795_11-03_10_44_42-time-synch.txt,S47_Sandwich_3DMGX1/2796_11-03_10_44_42-time-synch.txt,S47_Sandwich_3DMGX1/3261_11-03_10_44_42-time-synch.txt,S47_Sandwich_3DMGX1/3337_11-03_10_44_42-time-synch.txt,S47_Sandwich_6DOFv4/000666015711_11-03_10_44_41-time-synch.txt,S47_Sandwich_6DOFv4/0006660160E3_11-03_10_44_41-time-synch.txt
S49_Sandwich	S49_Sandwich_3DMGX1/2794_11-04_11_03_43-time-synch.txt,S49_Sandwich_3DMGX1/2795_11-04_11_03_43-time-synch.txt,S49_Sandwich_3DMGX1/2796_11-04_11_03_43-time-synch.txt,S49_Sandwich_3DMGX1/3261_11-04_11_03_43-time-synch.txt,S49_Sandwich_3DMGX1/3337_11-04_11_03_43-time-synch.txt,S49_Sandwich_6DOFv4/000666015711_11-04_11_03_43-time-synch.txt,S49_Sandwich_6DOFv4/0006660160E3_11-04_11_03_43-time-synch.txt
S50_Sandwich	S50_Sandwich_3DMGX1/2794_11-04_16_27_22-time-synch.txt,S50_Sandwich_3DMGX1/2795_11-04_16_27_22-time-synch.txt,S50_Sandwich_3DMGX1/2796_11-04_16_27_22-time-synch.txt,S50_Sandwich_3DMGX1/3261_11-04_16_27_22-time-synch.txt,S50_Sandwich_3DMGX1/3337_11-04_16_27_22-time-synch.txt,S50_Sandwich_6DOFv4/000666015711_11-04_16_27_14-time-synch.txt,S50_Sandwich_6DOFv4/0006660160E3_11-04_16_27_14-time-synch.txt
S51_Sandwich	S51_Sandwich_3DMGX1/2794_11-05_10_24_23-time-synch.txt,S51_Sandwich_3DMGX1/2795_11-05_10_24_23-time-synch.txt,S51_Sandwich_3DMGX1/2796_11-05_10_24_23-time-synch.txt,S51_Sandwich_3DMGX1/3261_11-05_10_24_23-time-synch.txt,S51_Sandwich_3DMGX1/3337_11-05_10_24_23-time-synch.txt,S51_Sandwich_6DOFv4/000666015711_11-05_10_24_30-time-synch.txt,S51_Sandwich_6DOFv4/0006660160E3_11-05_10_24_30-time-synch.txt
S53_Sandwich	S53_Sandwich_3DMGX1/2794_11-06_10_24_51-time-synch.txt,S53_Sandwich_3DMGX1/2795_11-06_10_24_51-time-synch.txt,S53_Sandwich_3DMGX1/2796_11-06_10_24_51-time-synch.txt,S53_Sandwich_3DMGX1/3261_11-06_10_24_51-time-synch.txt,S53_Sandwich_3DMGX1/3337_11-06_10_24_51-time-synch.txt,S53_Sandwich_6DOFv4/000666015711_11-06_10_24_52-time.txt,S53_Sandwich_6DOFv4/0006660160E3_11-06_10_24_52-time.txt
S54_Sandwich	S54_Sandwich_3DMGX1/2794_11-06_11_47_09-time-synch.txt,S54_Sandwich_3DMGX1/2795_11-06_11_47_09-time-synch.txt,S54_Sandwich_3DMGX1/2796_11-06_11_47_09-time-synch.txt,S54_Sandwich_3DMGX1/3261_11-06_11_47_09-time-synch.txt,S54_Sandwich_3DMGX1/3337_11-06_11_47_09-time-synch.txt,S54_Sandwich_6DOFv4/000666015711_11-06_11_46_54-time.txt,S54_Sandwich_6DOFv4/0006660160E3_11-06_11_46_54-time.txt
S55_Sandwich	S55_Sandwich_3DMGX1/2794_11-06_13_11_15-time-synch.txt,S55_Sandwich_3DMGX1/2795_11-06_13_11_15-time-synch.txt,S55_Sandwich_3DMGX1/2796_11-06_13_11_15-time-synch.txt,S55_Sandwich_3DMGX1/3261_11-06_13_11_15-time-synch.txt,S55_Sandwich_3DMGX1/3337_11-06_13_11_15-time-synch.txt,S55_Sandwich_6DOFv4/000666015711_11-06_13_11_22-time.txt,S55_Sandwich_6DOFv4/0006660160E3_11-06_13_11_22-time.txt
